nom,password,count,time
David,09D4689ED90662B2648F1A791BB4414B6638CE44,0,2024-12-19 17:56:59.474629
Tester,B325A9F4ABCF35EC17F87AC798C2D61F1E273061,0,2024-12-19 17:56:59.531089
Youns,CB74B01F89B2D3A3E11B32A3B4307D4E6D53E18A,0,2024-12-19 17:56:59.577858
Marie,00D654BFDBCBEEBF5689E6460DA9730A5C281EF5,0,2024-12-19 17:56:59.630535
jojo,EE837BCAF8D9FFDC1B85477CBC7853A63AF7CCCA,0,2024-12-19 17:56:59.672005
Gg,567CBA79AABB16945219823E23F5645F61B03EEE,0,2024-12-19 17:56:59.717498
David,ADD196D4823B647EBC508A912FA43710A8DD6A15,0,2024-12-19 17:56:59.763972
egjjgeg,36A59072B91B5015232D5C9E1221932CA4E58273,0,2024-12-19 17:56:59.802657
Test,4E8723DD0506D4B3A1C804B4F0369818898EE559,0,2024-12-19 17:56:59.843988
