email, pw_hash
test@mail.fr,test
patricl,polo5858
david@mail.fr,0f14089313b20c1723ec1d660b0aaa4f473cf5b321cd370f2d48b7bcf9a7b234
david@gmail.com,21f420e73fb7054a02a4bde189b2abeb5db478049ebc9ce8df2b61edf0ae7a54
romain.fr,ab2d1992ff91613fdff4d7e32973cf30a883ba7c9ecb9951e84b05386aeec6ef
test,9f86d081884c7d659a2feaa0c55ad015a3bf4f1b2b0b822cd15d6c15b0f00a08
ohoho,d04b98f48e8f8bcc15c6ae5ac050801cd6dcfd428fb5f9e65c4e16e7807340fa
David,8eef6ad00ae38ad463541a5b12a1739f909999bcdbe20c2a97e07a33508408cb
David2,55dd5cf6ecf08144ef5f0e39e2f1421ba063ff499bdf3275c1c833f188dcb9ff
